from;to
0;1
0;16
0;52
1;2
2;28
2;61
3;4
3;731
3;745
5;6
5;100
5;114
6;7
6;8
7;484
7;501
8;116
8;501
9;10
9;27
9;384
10;11
11;378
11;384
12;13
12;23
12;306
12;307
13;14
13;15
14;25
14;308
15;45
15;1003
16;17
16;62
17;18
17;19
18;53
18;62
18;63
19;73
19;63
20;21
20;182
20;237
21;22
21;23
21;24
22;185
22;237
23;374
23;375
24;459
24;730
24;375
25;26
25;27
26;309
26;310
26;311
28;29
28;30
29;58
29;382
30;378
30;382
31;32
31;66
31;70
31;71
32;33
32;34
32;35
33;57
33;70
33;72
34;299
34;342
35;333
35;342
36;37
36;584
36;598
37;38
37;39
38;586
38;598
39;731
39;744
40;41
40;735
40;759
41;42
41;43
42;752
42;937
43;926
43;937
44;45
45;46
46;812
46;813
46;814
47;48
47;724
47;729
47;712
48;49
48;50
48;51
49;643
49;724
50;787
50;806
51;825
51;806
52;61
52;62
53;54
53;55
53;56
54;61
54;62
54;64
55;94
55;253
56;66
56;253
57;58
57;68
57;69
58;59
58;60
59;61
59;64
60;382
60;383
60;381
63;91
63;95
64;65
64;68
65;66
65;70
66;67
67;250
67;253
67;71
68;70
69;389
69;72
71;267
71;298
72;336
72;393
73;74
73;75
74;100
75;92
76;77
76;133
76;160
77;78
77;79
77;80
78;136
78;160
79;182
79;235
79;236
80;476
80;570
80;236
81;82
81;185
81;238
81;239
82;83
82;84
82;85
83;241
83;285
84;261
84;285
85;366
85;239
86;87
86;92
86;97
86;98
87;88
87;89
87;90
88;94
88;97
88;99
89;174
89;213
90;204
90;213
91;92
91;97
92;93
93;112
93;98
94;95
94;96
95;97
96;250
96;253
96;99
98;143
98;173
99;207
99;254
100;101
101;112
101;114
102;103
102;124
102;129
102;130
103;104
103;105
103;106
104;126
104;129
104;131
105;132
105;131
106;494
106;130
107;108
107;138
107;171
108;109
108;110
108;111
109;166
109;171
109;172
110;178
110;172
110;181
111;196
111;181
112;113
113;140
113;152
114;115
114;119
115;116
115;122
116;117
116;118
117;505
117;528
118;124
118;528
119;120
119;122
120;121
121;126
121;162
122;123
122;127
123;124
123;129
124;125
125;527
125;528
125;130
126;127
126;128
127;129
128;161
128;162
128;131
130;526
131;157
132;133
132;157
132;158
133;134
133;135
134;159
134;147
134;160
135;570
135;158
136;137
136;138
136;139
137;160
137;148
137;163
138;164
138;165
139;235
139;165
140;141
140;142
140;143
141;170
142;166
142;170
143;177
144;145
144;150
144;154
144;155
145;146
145;147
145;148
146;154
146;156
147;155
148;156
149;150
149;152
149;154
150;151
151;161
151;162
151;155
152;153
153;154
155;159
156;168
156;163
157;161
158;494
158;495
159;161
163;169
164;169
164;171
165;196
165;199
166;167
167;177
167;172
168;169
168;170
172;179
173;174
173;177
174;175
174;176
175;178
175;226
176;215
176;226
177;179
178;179
178;180
180;225
180;226
180;181
181;222
182;183
182;184
183;194
183;235
183;237
184;730
184;236
185;186
185;187
186;194
186;237
186;238
187;374
187;239
188;189
188;202
188;233
189;190
189;191
189;192
190;230
190;233
190;234
191;256
191;234
191;260
192;242
192;260
193;194
193;197
193;224
194;195
195;200
195;224
196;197
196;222
197;198
197;199
198;223
198;211
198;224
199;235
200;201
200;202
200;203
201;224
201;212
201;227
202;228
202;229
203;238
203;229
204;205
204;206
204;207
205;217
206;230
207;255
208;209
208;215
208;220
209;210
209;211
209;212
210;217
210;221
211;220
212;221
213;214
213;218
214;215
215;216
216;225
216;226
216;220
217;218
217;219
219;232
219;221
220;223
221;227
222;225
223;225
227;232
228;232
228;233
229;240
229;242
230;231
231;255
231;234
234;257
236;478
238;240
239;376
240;241
241;242
241;243
242;244
243;284
243;271
243;285
244;286
244;260
245;246
245;262
245;296
246;247
246;248
246;249
247;291
247;296
247;297
248;302
248;297
248;305
249;325
249;305
250;251
250;252
251;273
252;264
252;273
254;255
255;257
256;257
256;258
256;259
258;287
259;286
259;287
259;260
261;262
261;263
262;288
262;289
263;366
263;289
264;265
264;266
264;267
265;278
265;295
266;291
266;295
267;301
268;269
268;275
268;281
268;282
269;270
269;271
269;272
270;278
270;281
270;283
271;282
272;283
273;274
273;279
274;275
274;281
275;276
275;277
276;286
276;287
276;282
277;287
278;279
278;280
279;281
280;293
280;295
280;283
282;284
283;294
284;286
288;293
288;296
289;325
289;328
290;291
290;293
290;295
290;296
291;292
292;301
292;297
293;294
297;303
298;299
298;301
299;300
300;344
300;355
301;303
302;303
302;304
304;354
304;355
304;305
306;308
306;374
307;1003
307;375
308;312
308;313
309;314
309;368
310;370
311;402
312;367
313;314
313;367
314;315
315;322
315;367
315;368
316;317
316;331
316;364
317;318
317;319
317;320
318;360
318;364
318;365
319;398
319;365
319;401
320;371
320;401
321;322
321;326
321;353
322;323
322;324
323;329
323;353
324;366
324;367
325;326
326;327
326;328
327;352
327;340
327;353
328;366
329;330
329;331
329;332
330;353
330;341
330;356
331;357
331;358
332;368
332;358
333;334
333;335
333;336
334;346
334;363
335;360
335;363
336;397
337;338
337;344
337;349
337;350
338;339
338;340
338;341
339;346
339;349
339;351
340;350
341;351
342;343
342;347
343;344
343;349
344;345
345;354
345;355
345;350
346;347
346;348
347;349
348;362
348;363
348;351
350;352
351;356
352;354
356;362
357;362
357;364
358;369
358;371
359;360
359;362
359;363
359;364
360;361
361;397
361;365
365;399
368;369
369;370
370;371
370;372
371;373
372;425
372;412
373;426
373;401
374;376
375;461
377;378
377;379
377;382
377;384
379;380
379;381
380;442
380;443
381;444
383;392
383;441
385;386
385;430
385;437
386;387
386;388
387;433
387;437
387;440
388;442
388;440
389;390
389;391
389;392
390;394
390;414
391;405
391;414
391;421
392;421
393;394
393;397
394;395
394;396
395;398
395;427
396;416
396;427
397;399
398;399
398;400
400;426
400;427
400;401
402;403
402;404
403;428
403;439
404;430
404;439
405;406
405;407
405;408
406;418
406;436
407;433
407;436
407;438
408;445
408;438
409;410
409;416
409;422
409;423
410;411
410;412
410;413
411;418
411;422
411;424
412;423
413;428
413;424
414;415
414;419
415;416
415;422
416;417
417;426
417;427
417;423
418;419
418;420
419;422
420;435
420;436
420;424
421;445
421;441
423;425
424;429
425;426
428;429
429;435
429;439
430;431
431;435
431;439
431;437
432;433
432;435
432;436
432;437
433;434
434;448
434;438
434;440
438;446
440;447
441;444
442;447
443;444
443;448
444;445
445;446
446;448
447;448
449;450
449;529
449;543
450;451
450;452
451;531
451;543
452;584
452;597
453;454
453;586
453;602
453;603
454;455
454;456
454;457
455;605
455;688
456;677
456;688
457;747
457;603
457;749
458;459
458;644
458;661
459;460
459;461
460;647
460;661
461;1003
461;1004
462;463
462;578
462;583
462;566
463;464
463;465
463;466
464;475
464;578
465;616
465;633
465;634
466;648
466;634
467;468
467;511
467;521
468;469
469;529
469;542
470;471
470;531
470;548
470;549
471;472
471;473
471;474
472;551
472;580
473;575
473;580
474;600
474;549
475;476
475;567
475;568
476;477
476;478
477;569
477;483
477;570
478;730
478;568
479;480
479;518
479;524
479;491
480;481
480;482
480;483
481;492
481;518
482;537
482;559
484;485
484;486
485;511
485;520
486;503
486;520
487;488
487;514
487;522
487;523
488;489
488;490
488;491
489;516
489;522
490;545
490;523
490;547
491;547
492;493
492;494
492;495
493;518
493;500
493;525
494;526
495;570
496;497
496;503
496;508
496;509
497;498
497;499
497;500
498;505
498;508
498;510
499;516
499;509
500;510
501;502
501;506
502;503
502;508
503;504
504;519
504;520
504;509
505;506
505;507
506;508
507;527
507;528
507;510
509;517
510;525
511;512
512;519
512;520
512;521
513;514
513;519
513;521
513;522
514;515
515;542
515;523
516;517
516;518
517;519
517;522
523;544
524;560
524;547
525;527
526;527
529;530
530;539
530;542
530;543
531;532
531;533
532;539
532;543
532;548
533;597
533;549
534;535
534;551
534;556
534;557
535;536
535;537
535;538
536;554
536;556
536;558
537;558
538;571
538;557
539;540
539;541
540;545
540;561
541;554
541;561
542;544
544;545
545;546
546;560
546;547
546;561
548;553
548;550
549;599
550;551
550;556
551;552
552;579
552;557
552;580
553;554
553;556
554;555
555;560
555;561
555;558
557;574
558;559
559;560
562;563
562;575
562;581
562;582
563;564
563;565
563;566
564;573
564;581
565;623
565;582
565;625
566;625
567;572
567;578
568;648
568;649
569;572
571;572
571;574
572;573
573;577
573;578
574;579
575;576
576;579
576;580
576;581
577;579
577;581
582;622
583;635
583;625
584;585
585;594
585;597
585;598
586;587
586;588
587;594
587;598
587;602
588;744
588;603
589;590
589;605
589;610
589;611
590;591
590;592
590;593
591;608
591;610
591;612
592;627
592;673
593;667
593;673
594;595
594;596
595;600
595;621
596;608
596;621
597;599
599;600
600;601
601;618
601;621
602;607
602;604
603;746
604;605
604;610
605;606
606;685
606;611
606;688
607;608
607;610
608;609
609;618
609;621
609;612
611;669
611;689
612;629
612;626
613;614
613;627
613;630
613;631
614;615
614;616
614;617
615;630
615;632
616;632
617;663
617;631
618;619
618;620
619;623
619;637
620;637
622;623
623;624
624;635
624;625
624;637
626;627
626;630
627;628
628;672
628;631
628;673
629;630
631;666
632;636
632;633
633;635
634;663
634;662
635;636
636;637
638;639
638;677
638;693
638;694
639;640
639;641
639;642
640;696
640;726
641;720
641;726
642;773
642;694
642;775
643;644
643;713
643;714
644;645
645;1004
645;714
646;647
646;652
646;660
646;661
647;648
647;649
648;662
649;730
650;651
650;671
650;676
650;659
651;652
651;653
651;654
652;671
653;683
653;704
653;705
654;705
655;656
655;667
655;674
655;675
656;657
656;658
656;659
657;665
657;674
658;690
658;675
658;692
659;692
660;664
660;671
662;664
663;664
663;666
664;665
665;670
665;671
666;672
667;668
667;669
668;672
668;673
668;674
669;675
670;672
670;674
675;689
676;706
676;692
677;678
677;679
678;685
678;688
678;693
679;749
679;694
680;681
680;696
680;701
680;702
681;682
681;683
681;684
682;699
682;701
682;703
683;703
684;715
684;702
685;686
685;687
686;690
686;707
687;699
687;707
689;690
690;691
691;706
691;692
691;707
693;698
693;695
694;772
695;696
695;701
696;697
697;725
697;702
697;726
698;699
698;701
699;700
700;706
700;707
700;703
702;719
703;704
704;706
705;715
705;717
708;709
708;720
708;727
708;728
709;710
709;711
709;712
710;718
710;727
711;794
711;728
711;796
712;796
713;716
713;724
714;825
714;826
715;716
715;719
716;717
716;718
718;723
718;724
719;725
720;721
720;722
721;725
721;726
721;727
722;775
722;728
723;725
723;727
728;793
729;807
729;796
731;732
732;741
732;744
732;745
733;734
733;741
733;745
733;750
734;735
735;751
736;737
736;753
736;761
736;762
737;738
737;739
737;740
738;757
738;761
738;763
739;777
739;865
740;854
740;865
741;742
741;743
742;747
742;771
743;757
743;771
744;746
746;747
747;748
748;768
748;749
748;771
749;772
750;751
750;754
750;756
751;759
752;753
752;759
752;760
753;754
753;755
754;759
754;761
755;762
755;921
755;918
756;757
756;761
757;758
758;768
758;771
758;763
760;935
760;937
762;856
762;922
763;779
763;776
764;765
764;777
764;782
764;783
765;766
765;767
766;799
766;850
767;844
767;850
768;769
768;770
769;773
769;792
770;780
770;792
772;773
773;774
774;789
774;775
774;792
775;793
776;777
776;782
777;778
778;862
778;783
778;865
779;780
779;782
780;781
781;789
781;792
781;797
783;846
783;866
784;785
784;799
784;804
785;786
785;787
785;788
786;802
786;804
786;805
787;805
788;840
789;790
789;791
790;794
790;808
791;802
791;808
793;794
794;795
795;807
795;796
795;808
797;801
797;798
798;799
798;804
799;800
800;849
800;850
801;802
801;804
802;803
803;807
803;808
803;805
806;840
806;839
809;810
809;911
809;951
810;811
811;952
811;912
812;821
812;838
813;824
813;838
814;1003
814;1004
815;816
815;854
815;870
815;871
816;817
816;818
816;819
817;873
817;903
818;897
818;903
819;923
819;871
819;925
820;821
820;890
820;891
821;822
822;892
822;831
822;838
823;824
823;829
823;837
823;838
824;825
824;826
825;839
826;1004
827;828
827;848
827;853
827;836
828;829
828;830
828;831
829;848
830;860
830;881
830;882
831;882
832;833
832;844
832;851
832;852
833;834
833;835
833;836
834;842
834;851
835;867
835;852
835;869
836;869
837;841
837;848
839;841
840;841
840;843
841;842
842;847
842;848
843;849
844;845
844;846
845;849
845;850
845;851
846;852
847;849
847;851
852;866
853;883
853;869
854;855
854;856
855;862
855;865
855;870
856;871
857;858
857;873
857;878
857;879
858;859
858;860
858;861
859;876
859;878
859;880
860;880
861;893
861;879
862;863
862;864
863;867
863;884
864;876
864;884
866;867
867;868
868;883
868;869
868;884
870;875
870;872
871;922
872;873
872;878
873;874
874;902
874;879
874;903
875;876
875;878
876;877
877;883
877;884
877;880
879;896
880;881
881;883
882;893
882;892
885;886
885;897
885;904
885;905
886;887
886;888
886;889
887;895
887;904
888;988
888;905
889;906
890;901
891;894
891;901
892;894
893;894
893;896
894;895
895;900
895;901
896;902
897;898
897;899
898;902
898;903
898;904
899;925
899;905
900;902
900;904
901;906
905;987
906;907
907;1000
908;909
908;939
908;948
909;910
909;911
910;941
910;948
911;974
912;913
912;975
913;914
913;915
914;977
914;997
915;991
915;997
916;917
916;945
916;932
916;950
917;918
917;919
917;920
918;945
919;967
919;955
919;968
920;923
920;968
921;935
921;945
922;923
923;924
924;983
924;925
924;968
925;987
926;927
926;928
927;934
927;947
928;939
928;947
929;930
929;941
929;949
930;931
930;932
930;933
931;936
931;949
932;970
933;961
933;970
934;935
934;937
934;938
935;936
936;944
936;945
938;946
938;947
939;940
940;946
940;947
940;948
941;942
941;943
942;946
942;948
942;949
943;974
944;946
944;949
950;969
950;970
951;959
951;974
952;959
952;975
953;954
953;964
953;972
953;973
954;955
954;956
954;957
955;972
956;977
956;973
956;979
957;984
957;979
958;959
958;961
958;971
959;960
960;964
960;971
961;962
961;963
962;969
962;970
962;971
963;974
964;965
964;966
965;969
965;971
965;972
966;975
966;973
967;969
967;972
968;984
973;976
975;976
976;977
977;978
978;996
978;979
978;997
979;990
980;981
980;994
980;998
980;999
981;982
982;999
983;984
983;985
983;986
984;990
985;988
985;1002
986;994
986;1002
987;988
988;989
989;1000
989;1002
990;996
991;992
992;996
992;997
992;998
993;994
993;996
993;998
994;995
995;1000
995;1002
995;999
999;1001
1000;1001
